Title,URL
‘분식회계 의혹’ 카카오모빌리티 운명은?…제재 결론 늦어진다,https://www.khan.co.kr/economy/industry-trade/article/202407171357001
한때 잘나갔던 기업들의 회계 거짓말,https://www.taxwatch.co.kr/article/tax/2024/07/15/0004
구속 기로 카카오 김범수…'분식회계' 모빌리티 제재 임박,https://biz.sbs.co.kr/article/20000182200
"증선위, 코넥스 상장사 씨앗 검찰 고발…분식회계·횡령 은폐 등",https://m.dnews.co.kr/m_home/view.jsp?idxno=202407172341386530909
"""2000억 날리고 직원도 떠났다""…'100조' 분식회계 후폭풍",https://www.hankyung.com/article/202407054056i
"8년 만에 분식회계 혐의 벗은 삼성바이오로직스, 글로벌 사업 날개 달까",https://pharm.edaily.co.kr/news/read?newsId=03493206638787896
카카오모빌리티에 제기된 '분식회계' 의혹…고의성 인정될까,https://news.einfomax.co.kr/news/articleView.html?idxno=4299568
"[컴퍼니 백브리핑] 기업의 분식회계, ‘매출 부풀리기’가 가장 많다",https://www.businesspost.co.kr/BP?command=article_view&num=352968
"[현장] ‘분식회계 의혹’ 카카오모빌리티, 증선위 제재 수위 오늘 결론",https://alphabiz.co.kr/news/view/1065567372974945
"‘KAI 경영비리’ 하성용 前대표, 2심도 집유···분식회계는 또 '무죄'",https://www.sisajournal-e.com/news/articleView.html?idxno=404091
"[단독] 금감원, ‘분식회계’ 카카오모빌리티 제재 착수",https://www.hani.co.kr/arti/economy/finance/1129500.html
주식회사 아하 분식회계 고발당해,https://www.ynenews.kr/news/articleView.html?idxno=48846
"5000억원대 분식회계 혐의 하성용 KAI 前 대표, 2심도 집행유예",https://biz.heraldcorp.com/view.php?ud=20240708050586
이재용 회장 ‘부당 합병-분식 회계’ 1심 전부 무죄,https://www.donga.com/news/Society/article/all/20240205/123394963/1
삼성바이오로직스 분식회계 의혹 1심 ‘무죄’…의혹 벗나,http://www.docdocdoc.co.kr/news/articleView.html?idxno=3014002
"'분식회계 의혹' 두산에너빌리티, 역대 최대 200억대 과징금 검토",https://www.safetimes.co.kr/news/articleView.html?idxno=212293
"[알파경제TV] [현장] ‘분식회계 의혹’ 카카오모빌리티, 증선위 제재 수위 오늘 결론",https://alphabiz.co.kr/news/view/1065598157894543
"금감원, LS전선 분식회계 ‘봐주기’ 의혹",https://www.khan.co.kr/economy/finance/article/202405192130005
'中 부동산 위기 진앙' 헝다…5640억위안 분식회계 드러났다,https://www.hankyung.com/article/2024031917571
"금감원, 카카오모빌리티 분식회계 80억 과징금 통보",https://www.donga.com/news/Economy/article/all/20240223/123666988/1
"상폐 피하려 가장납입에 분식회계까지…금감원, '좀비기업' 집중조사",https://news.einfomax.co.kr/news/articleView.html?idxno=4303211
"카카오모빌리티 분식회계 의혹, 금융위 증선위 의결 보류",https://www.investchosun.com/site/data/html_dir/2024/06/05/2024060580265.html
"'분식회계 혐의' 카카오모빌리티 운명 가를 증선위, 다음 달로",https://www.hankyung.com/article/2024061325036
"금융위원회, 분식회계 한솔아이원스(주) 과징금 60억 부과",https://www.intn.co.kr/news/articleView.html?idxno=2034819
"상장 앞둔 카카오모빌리티 '분식회계' 제재 수위는?, 류긍선 운명 '고의성'에 달렸다",https://www.businesspost.co.kr/BP?command=article_view&num=358969
"금감원, 카카오모빌리티 '분식회계' 최고 수위 제재 추진",https://www.yonhapnewstv.co.kr/news/MYH20240223005300641
[컴퍼니 백브리핑] 두산에너빌리티 '분식회계' 논란의 회계적 관전법,https://www.businesspost.co.kr/BP?command=article_view&num=330519
신용등급 위기·분식회계 난리인데…회장님 연봉은 왜?,https://www.hani.co.kr/arti/economy/marketing/1136713.html
"'건설·조선' 수주산업 분식회계 끊이지 않아…금감원 ""올해 중점심사""",http://www.haesanews.com/news/articleView.html?idxno=113949
코리아 디스카운트 키운 ‘삼바’ 분식회계 조사[기고/최종학],https://www.donga.com/news/Opinion/article/all/20240213/123504313/1
코리아 디스카운트 키운 ‘삼바’ 분식회계 조사[기고/최종학],https://www.donga.com/news/Opinion/article/all/20240213/123504313/1
금감원 vs 두산에너빌리티…오늘 분식회계 제재 결정,https://m.edaily.co.kr/News/Read?newsId=01371046638788224&mediaCodeNo=257
"'총액법·순액법' 카카오모빌리티의 갈림길...고의적 분식회계인가, 판단의 영역인가?",https://www.sejungilbo.com/news/articleView.html?idxno=48501
"""'금감원, LS전선 분식 회계 ‘봐주기’ 의혹' 보도 사실과 달라""",https://www.intn.co.kr/news/articleView.html?idxno=2035748
금감원 “상장 폐지 피하려 분식 회계 하는 기업 조사 강화”,https://news.kbs.co.kr/news/view.do?ncd=7922092
中 헝다 104조원 분식회계 드러나…벌금 7700억원 물어야,https://www.dailian.co.kr/news/view/1341045
'분식회계 의혹' 카카오모빌리티 제재 오늘 결론,https://news.nate.com/view/20240717n00183
카카오모빌리티 '분식 논란'…숨죽인 회계업계,https://www.hankyung.com/article/2024042312551
“분식회계 대우조선·딜로이트안진 정부·공무원연금에 손해배상 하라” 항소심 패소 - 조선비즈,https://biz.chosun.com/topics/law_firm/2024/02/13/PU43FNICWVHJDCUROLWZAZKCWE/
카카오모빌리티 ‘분식논란’…증선위에서 고의성 놓고 금감원 vs 카카오 ‘벼랑 끝 대치’,https://www.investchosun.com/site/data/html_dir/2024/05/07/2024050780239.html
삼성바이오 ‘회계분식 의혹’ 행정소송 6년 만에 결론,https://www.sisajournal-e.com/news/articleView.html?idxno=403875
"'분식회계 오명' 카카오모빌리티…류긍선 대표, 재선임 이후 최대 위기",https://biz.newdaily.co.kr/site/data/html/2024/04/24/2024042400106.html
"금융위-삼성바이오, 분식회계 중징계 취소 소송 결론 7월 나온다 - 조선비즈",https://biz.chosun.com/stock/finance/2024/04/08/JZDHRKFIENE7ZAEATWLHYYJQNU/
"'분식회계 의혹' 카카오모빌리티…금감원, 제재 착수",https://www.yna.co.kr/view/MYH20240223012400641
"두산에너빌리티, 수익 부풀려 ‘분식회계 과징금’ 물 듯",https://www.hani.co.kr/arti/economy/finance/1127729.html
"금감원, '분식회계' 카카오모빌리티 최고수위 제재 착수",https://www.hankyung.com/article/202402234751i
‘김범수 컨펌’ 겨눈 검찰 칼끝…사법 리스크 올라탄 ‘뉴 카카오’,https://www.hani.co.kr/arti/economy/marketing/1148933.html
'중과실 회계부정' 두산에너빌리티에 과징금 161억원…역대 최대(종합),https://www.yna.co.kr/view/AKR20240320130551002
"카카오모빌리티 분식회계 지적에 매출 총액법에서 순액법으로 변경, 작년 매출 4천억 줄어",https://www.businesspost.co.kr/BP?command=article_view&num=345913
"""상장폐지 피하려 유상증자·분식회계…좀비기업 적발""",https://www.hankyung.com/article/2024032539185
이재용 회장 '삼성바이오로직스 분식회계' 선고 일주일 앞…K바이오 날개 꺾일까 우려,http://m.yakup.com/news/index.html?mode=view&nid=289564
"""카카오모빌리티 분식회계 고의성"" 금감원 최고 수준 제재 추진",https://www.ikbc.co.kr/%EA%B2%BD%EC%A0%9C/article/view/kbc202402220079
"증선위, 분식회계 논란 카카오모빌리티 제재 수위 결론 못내",https://www.seoulfn.com/news/articleView.html?idxno=521958
"법원, ""대우조선해양, 하나은행·정부에 분식회계 손해 배상해야""",https://www.newdaily.co.kr/site/data/html/2024/02/22/2024022200164.html
두산에너빌리티 '분식회계' 논란,https://www.hankyung.com/article/2023100953571
"이재용 '삼성 부당합병·회계부정' 항소심, 이르면 내년 1월 선고",https://www.newspim.com/news/view/20240722000937
‘부당합병·분식회계’ 혐의 이재용 1심 판결 2월 5일로 연기,https://munhwa.com/news/view.html?no=2024012201039921312003
"금감원, LS전선 분식 회계 ‘봐주기’ 의혹에 “절차에 따라 감리업무 수행”",https://www.smartfn.co.kr/article/view/sfn202405200054
[단독] 카카오모빌리티 ‘분식회계’ 과징금 80억 받는데… 카카오는 류긍선 대표 유임 - 조선비즈,https://biz.chosun.com/it-science/ict/2024/02/23/J3PYRCPWSVBKJMWTAV5Q3NAXTQ/
"[단독]금융당국, 두산에너빌리티 분식회계 고의성 입증할 문서 확보···두산측 “손실 시나리오 담은 보고용 문서”",https://www.khan.co.kr/economy/finance/article/202310121652001
"금감원, 카카오모빌리티 '분식회계' 최고수위 제재 착수",https://www.yna.co.kr/view/AKR20240222179900002
"한국투자·대신증권, “분식회계 논란 카카오모빌리티에 속 끓는 이유”",https://www.greened.kr/news/articleView.html?idxno=314238
분식회계·기술 탈취·경쟁사 죽이기… 카카오 전방위 조사,https://www.chosun.com/economy/tech_it/2023/11/01/CWQ2CYXON5GTXMAPFPWCCFT5MA/
참여연대가 있는 한 ‘삼성공화국’ 어림없다⚡️ - 참여연대 - 경제금융센터,https://www.peoplepower21.org/economy/1955190
"금감원, 분식회계 혐의 카카오모빌리티에 과징금",https://www.digitaltoday.co.kr/news/articleView.html?idxno=507125
[단독] 카카오모빌리티 3천억대 회계조작 의혹…금감원 감리,https://www.hani.co.kr/arti/economy/finance/1114270.html
"[단독] 기업 수사한 '벨트검사'가 분식회계 변호…""일정기간 막아야"" [벨트검사의 두 얼굴③]",https://www.joongang.co.kr/article/25243093
'고의 분식 혐의' 3년만에 벗어…두산에너빌리티 거래정지 면해,https://www.hankyung.com/article/2024020721821
"금융감독원, 카카오모빌리티 분식회계 의혹 관련 강도 높은 제재 절차 착수",https://www.businesspost.co.kr/BP?command=article_view&num=343414
"[뉴스모음] 카카오모빌리티 분식회계 증선위, 다음 달로 外",https://dealsite.co.kr/articles/123906
이미지 위해 '중공업'도 버렸는데…두산에너빌리티 '분식회계' 여파 어디까지?,https://www.bizhankook.com/bk/article/27118
이재용 회장 '삼성바이오로직스 분식회계' 무죄,http://m.yakup.com/news/index.html?mode=view&nid=290182
금감원장 “최근 분식회계 유인 커져…기업 내부통제 주의깊게 살펴야”,https://news.kbs.co.kr/news/view.do?ncd=7810542
"항소심도 ""대우조선해양, 정부·하나은행 등에 분식회계 손해 배상해야""",https://www.yna.co.kr/view/MYH20240222010400641
'영구채는 분식회계' 오명 벗었다…6년 만에 자본으로 가닥,https://www.hankyung.com/article/202402206342i
분식회계 혐의 피노텍 등 5개사 감사인지정,https://m.skyedaily.com/news_view.html?ID=224660
‘분식 회계’ 의혹 두산에너빌리티 내달 제재 여부 논의,https://m.edaily.co.kr/News/Read?newsId=03824486638761000&mediaCodeNo=257
"카카오모빌리티 분식회계 ‘과징금 90억’… 류긍선, 불명예 퇴진 위기",https://www.seoul.co.kr/news/economy/industry/2024/02/27/20240227019002
"[올댓차이나] 중국, 분식회계 헝다집단에 7700억원 벌금 처분",https://www.newsis.com/view/NISX20240319_0002665523
금감원 '분식회계 의혹' 카카오모빌리티 최고 수위 제재 추진,https://www.safetimes.co.kr/news/articleView.html?idxno=212610
카카오모빌리티 '3천억원대 분식 회계' 의혹,https://www.lawtimes.co.kr/news/192749
"한화·IBK·현대차證, '분식회계' 中 고섬 상대 1심 일부 승소",https://biz.sbs.co.kr/article/20000163286
"금감원, ‘분식회계' 의혹으로 카카오모빌리티 제재 착수",https://www.psnews.co.kr/news/articleView.html?idxno=2047933
"금감원, '분식회계 의혹' 카카오모빌리티 최고제재 추진",https://www.newspim.com/news/view/20240223000002
"STX조선 분식회계 피해자 2만명, 집단소송 돌입",https://www.lawtimes.co.kr/news/192753
‘분식회계 논란’ 카카오모빌리티…경영쇄신 ‘물음표’,https://m.ekn.kr/view.php?key=20240327026153369
"두산에너빌리티 분식회계 의혹…금융당국, 고의 누락 정황 포착",https://www.khan.co.kr/economy/finance/article/202310122157035
"분식회계 대우조선, 하나은행 2심도 ""14억 배상""…총 550억 육박",http://www.haesanews.com/news/articleView.html?idxno=115077
"법원, '1천억대 분식회계' 대우산업개발 회장 보석신청 기각",https://www.yna.co.kr/view/AKR20240221136800004
"금감원, ‘분식회계’ 의혹 카카오모빌리티 최고 수위 제재 착수",https://m.ddaily.co.kr/page/view/2024022309284262273
"與김경율, 이재용 무죄 재판부 비판…“회계분식 무시한 판사님”",https://www.chosun.com/politics/politics_general/2024/02/07/ZM7NLVAJGBEZTHDYPDX6S2G3NA/
"""대표 잘라라"" 금감원 경고…초유의 사태 벌어지나 '초긴장' [선한결의 회계포커스]",https://www.hankyung.com/article/202404230603i
"김대기, 文정부 ‘통계조작’에 “민간선 분식회계로 큰 처벌받는 사안”",https://www.donga.com/news/Politics/article/all/20231107/122071080/1
"실체 없는 신사업 내세운 기업들…금감원, 분식회계 여부 심사",https://www.hani.co.kr/arti/economy/finance/1116874.html
“과거 사례와 달라” 카카오모빌리티 분식회계 정조준한 금감원... 회계법인도 칼날 닿나 - 조선비즈,https://biz.chosun.com/stock/stock_general/2023/11/03/BEBFV4BWRRFNBE6657CN6GHCSM/
"""카카오모빌리티, 매출 부풀렸다"", '분식회계 논란'…IPO 미뤄지나",https://www.hankyung.com/article/2023103121211
돈 끌어모은 뒤 횡령·분식회계로 증시에 기생…‘좀비기업’ 퇴출시킨다,https://stock.mk.co.kr/news/view/402736
"금감원, 카카오모빌리티 '분식회계' 최고수위 제재 착수",https://www.hankyung.com/article/202402223847Y
'1400억 분식회계' 혐의 이상영 대우산업개발 회장 추가 구속,https://hankookilbo.com/News/Read/A2024032814280004509
카카오모빌리티 분식회계 '최고수위' 제재…카카오 자금줄 비상,https://www.asiae.co.kr/article/2024022309231470215
"""고의적 분식회계"" 금감원, 카카오모빌리티에 최고 제재...모회사 카카오 영향은?",https://www.fntimes.com/html/view.php?ud=202402231041575144959a82f9f5_18
"금감원, 카카오모빌리티 '분식회계' 제재 착수",https://imnews.imbc.com/news/2024/econo/article/6573875_36452.html
"분식회계 논란 카카오모빌 금융위, 첫 제재 논의 착수",https://www.mk.co.kr/news/stock/10982759
분식회계 대우조선해양 상대 소송...2심도 정부·하나은행에 배상,https://www.ajunews.com/view/20240222095426949
카카오모빌리티 '분식 논란'…고의성이 징계 가를듯,https://www.sedaily.com/NewsView/2D96OOWPV7
"'분식회계' 혐의 카카오모빌리티...증선위, 오늘 최종 제재 논의",https://www.pointe.co.kr/news/articleView.html?idxno=24213
카카오 “회계 바꾸겠다”…고강도 제재 피할 수 있을까,https://www.hani.co.kr/arti/economy/marketing/1129661.html
"“가스공사 미수금 문제, 분식회계 오명 쓸 수도 있다”",https://m.ekn.kr/view.php?key=20240613022075869
"'분식회계 논란' 카카오모빌리티... 금감원, 제재 안건 금융위 상정",https://m.joseilbo.com/news/view.htm?newsid=513840
"카카오모빌리티 금감원 제기 분식회계 의혹 부인, ""택시 중개와 광고 별개""",https://www.businesspost.co.kr/BP?command=article_view&num=331509
"""분식회계 대우조선해양·안진, 정부 등 투자자 배상해야""",https://imnews.imbc.com/news/2024/society/article/6573486_36438.html
두산에너빌리티 '분식회계' 의혹 … 금융당국 '고의 정황' 포착,https://www.safetimes.co.kr/news/articleView.html?idxno=208858
"김대기, ‘통계조작 의혹’에 “민간에서는 분식회계로 크게 처벌받아”",https://news.kbs.co.kr/news/view.do?ncd=7812282
"'대우조선 분식회계' 손해 증권사들 1심 승소 … ""51억 배상하라""",https://www.safetimes.co.kr/news/articleView.html?idxno=210975
"'건설·조선' 수주산업 분식회계 끊이지 않아…금감원 ""올해 중점심사""",https://www.news1.kr/finance/general-stock/5303780
이재용 회장 삼성바이오로직스 분식회계 1심 '무죄',https://www.dailymedi.com/news/news_view.php?ca_id=22&wr_id=908078
"한동훈 “개혁신당, 분식회계 통해 보조금 사기...이게 정치개혁인가”",https://www.etoday.co.kr/news/view/2332134
"카카오모빌리티, 분식회계 과징금 90억원 부과…류긍선 대표 연임 빨간불",https://www.news1.kr/it-science/internet-platform/5333650
"류긍선 카카오모빌리티 대표 불명예 퇴진하나, 분식회계 의혹에 25년 성공신화 오점",https://www.businesspost.co.kr/BP?command=article_view&num=343527
'삼성처럼?' 카카오모빌리티 분식회계 의혹 둘러싼 쟁점,https://www.bizhankook.com/bk/article/27166
'회계 조작' 두산에너빌리티 중과실…고의 분식 혐의 벗었다,https://biz.sbs.co.kr/article/20000156424
이재용 `부당합병` 1심 선고 내달 5일로 연기…분식회계 혐의도,https://m.dt.co.kr/contents.html?article_no=2024012202109919607008
"금감원장, 회계법인에 ""분식회계ㆍ횡령 등 기업 내부통제 주시"" 주문",http://www.press9.kr/news/articleView.html?idxno=57196
"'분식회계' 혐의 카카오모빌리티, 회계기준 변경…매출 4000억원 감소",https://news.tf.co.kr/read/economy/2083829.htm
‘분식회계’ 혐의 대우산업 이상영 “도주우려 없어” 보석 호소,https://www.donga.com/news/Society/article/all/20240207/123429144/1
“분식회계 기업은 망하는데… 한국 신뢰도 추락”,https://www.chosun.com/economy/economy_general/2023/09/16/4H2BQEWFQFBODMDFVY5D3KK7RM/
"금감원, 카카오모빌리티 분식회계 최고 수위 제재 착수",https://www.sedaily.com/NewsView/2D5GKESHMD
"금융당국, ‘감리 자료 미제출’ 두산에너빌리티 검찰 통보···분식회계는 중과실 결론",https://www.khan.co.kr/economy/finance/article/202402071924001
카카오모빌리티 '분식회계' 최고 제재 ... 대표해임 등 선제조치 들어가나?,https://www.pointe.co.kr/news/articleView.html?idxno=8944
1천억 원대 분식회계 혐의 대우산업개발 회장 보석 호소,https://imnews.imbc.com/news/2024/society/article/6569420_36438.html
부동산개발 담당자에 준 65억…분식회계 들통 세금폭탄 소송,https://www.yna.co.kr/view/AKR20230929024300004
"중국, 헝다에 7700억 원대 ‘벌금 철퇴’… “회장은 증시 평생 진입 금지”",https://hankookilbo.com/News/Read/A2024031922510003917
"금감원, 수주산업 회계처리 중점심사 예고…“수주산업 공사 진행률 조작 등 분식회계 유의”",https://www.etoday.co.kr/news/view/2325497
'1천억대 분식회계' 대우산업개발 이상영·한재준 구속기소,https://www.yna.co.kr/view/AKR20230914106700004
분식회계 처벌 韓ㆍ美 비교,https://www.mk.co.kr/news/all/3351778
카카오모빌리티 ‘3000억대 분식회계’ 의혹…상장 제동 걸리나,https://www.mk.co.kr/news/stock/10863129
두산에너빌리티 분식회계 논란 … 금감원과 '공방전',https://www.mk.co.kr/news/stock/10845909
"ADM, 분식 회계 우려에 사상 최악의 급락(영상)",https://m.edaily.co.kr/News/Read?newsId=02702726638760672&mediaCodeNo=257
"처브라이프, '부풀려진' 회계보고서 금융당국 제출…""분식회계 아냐""",https://www.smartfn.co.kr/article/view/sfn202311280047
"카카오모빌리티 “분식회계 의혹, 금감원과 견해 차이 있어”",https://m.ddaily.co.kr/page/view/2023103109113071284
"'대우조선 분식회계'로 손해…""증권사들에 51억 배상하라""",https://www.hankyung.com/article/2023121214501
"1438억 분식회계, 부인은 법카 36억 썼다…이상영·한재준 기소",https://www.joongang.co.kr/article/25192495
"‘1,400억 원대 분식회계 혐의’ 이상영 회장 구속 기소",https://news.kbs.co.kr/news/view.do?ncd=7773730
"두산에너빌러티, 분식회계 논란...금감원과 공방전",https://www.psnews.co.kr/news/articleView.html?idxno=2034779
"카카오모빌리티 “분식회계 의혹, 금감원과 견해 차이 있어”",https://m.ddaily.co.kr/page/view/2023103109113071284
"한동훈 ""개혁신당 보조금 지급, 분식회계와 다를 바 없어""",http://www.snakorea.com/news/articleView.html?idxno=774474
"두산에너빌리티, 분식회계 논란",https://www.mydailybyte.com/post/%EB%91%90%EC%82%B0%EC%97%90%EB%84%88%EB%B9%8C%EB%A6%AC%ED%8B%B0-%EB%B6%84%EC%8B%9D%ED%9A%8C%EA%B3%84-%EB%85%BC%EB%9E%80
"'분식회계 논란' 류긍선 대표, 카카오모빌리티 계속 이끈다",https://www.getnews.co.kr/news/articleView.html?idxno=667003
"이번에는 분식 회계?‥""카카오 택시 매출 부풀려""",https://imnews.imbc.com/replay/2023/nwtoday/article/6539039_36207.html
두산에너빌리티 분식회계 논란 … 금감원과 '공방전',https://stock.mk.co.kr/news/view/247796
"이번에는 분식 회계?‥""카카오 택시 매출 부풀려""",https://imnews.imbc.com/replay/2023/nwtoday/article/6539039_36207.html
두산에너빌리티 분식회계 논란 … 금감원과 '공방전',https://stock.mk.co.kr/news/view/247796
"두산에너빌리티, 회계 논란…신 외감법 이후 강화한 제재에 치열한 공방전 예고",https://www.investchosun.com/site/data/html_dir/2023/10/17/2023101780194.html
"檢, ‘1400억대 분식 회계’ 대우산업개발 회장 구속 기소",https://www.segye.com/newsView/20230914517991
'피해자 2만여명' STX 조선해양 분식회계 집단소송 돌입,https://www.safetimes.co.kr/news/articleView.html?idxno=209559
‘1400억대 분식회계 혐의’ 대우산업개발 회장·전 대표 구속,https://news.kbs.co.kr/news/view.do?ncd=7760616
"법원, '에피스' 지배구조부터 삼성 논리 수용... 검찰 논거는 기초부터 무너졌다",https://hankookilbo.com/News/Read/A2024020615510001288
'산 넘어 산' 카카오... 이번엔 카카오모빌리티 분식회계 의혹,https://hankookilbo.com/News/Read/A2023103115340004482
기업 10곳중 2곳 분식회계,https://www.mk.co.kr/news/all/3574925
"檢, '1438억 분식회계' 이상영 대우산업개발 회장 구속기소",https://www.lawtimes.co.kr/news/191303
"카카오, 가맹택시 회계 기준 변경...카카오모빌리티 '멀어진 1조 매출'",https://www.digitaltoday.co.kr/news/articleView.html?idxno=507317
"금융당국, 두산에너빌리티 ‘분식 회계’ 의혹 감리 진행",https://m.ilyo.co.kr/?ac=article_view&entry_id=460409
"윤 대통령 ""文정부 겉으론 화려…뜯어보니 전부 분식회계""",https://www.hankyung.com/article/2023082858021
'분식회계 혐의' 이상영 대우산업개발 회장 구속,https://www.yna.co.kr/view/MYH20230830001500641
'1천400억 분식회계' 이상영 대우산업개발 회장 구속,https://www.yna.co.kr/view/AKR20230829172300004
‘1400억대 분식회계’ 이상영 대우산업개발 회장 구속기소 - 조선비즈,https://biz.chosun.com/topics/law_firm/2023/09/14/BYMPV5NO35GIFDJ4Y4R2SLNTIE/
'1400억원대 분식회계 혐의' 이상영 대우산업개발 회장 구속,https://www.hankyung.com/article/202308299205i
1438억 분식회계 대우산업개발 이상영 회장 첫 재판 공전...혐의 부인,https://www.ajunews.com/view/20231107113455029
'1천400억 분식회계' 이상영 대우산업개발 회장 구속영장(종합),https://www.yna.co.kr/view/AKR20230824102201004
‘1430억원 분식회계’ 이상영 전 대우산업개발 회장 구속…‘증거인멸 염려’,https://www.khan.co.kr/national/court-law/article/202308292230001
‘1438억 분식회계’ 이상영 대우산업개발 회장 구속기소,https://www.donga.com/news/Society/article/all/20230914/121181317/1
'1400억 분식회계' 이상영 대우산업개발 회장 구속,https://www.hankyung.com/article/202308299191Y
이상영 대우산업개발 회장 구속영장…″분식회계·횡령 등″,https://m.yonhapnewstv.co.kr/news/MYH20230825003500641
"‘삼바 분식회계 증거 인멸 혐의’ 김태한 前 삼바 대표, 1심 무죄",https://www.chosun.com/national/court_law/2024/02/14/2NQBNHXBOJG6DJJ66NWSPERVCY/
"[컨텍스트] 카카오모빌리티 3000억 분식회계 의혹, 어떻게 볼까.",https://slownews.kr/98820
"尹, 文정부 부실기업에 비유…""분식 회계에 내실 없어""(종합)",https://www.yna.co.kr/view/AKR20230828150700001
"민주 ""외평기금 사용은 분식회계…英, 국채발작에 수상 바뀌어""",https://news.einfomax.co.kr/news/articleView.html?idxno=4280943
"셀트리온그룹내 합병 본격화…""분식회계 논란 없애고 글로벌 도약""",https://www.asiae.co.kr/article/2023081716354507343
'1400억원대 분식회계' 이상영 대우산업개발 회장 구속심사 출석,https://www.newspim.com/news/view/20230829000567
'1천4백억 대 분식회계' 대우산업개발 회장 구속,https://imnews.imbc.com/replay/2023/nw1400/article/6519676_36177.html
증선위 분식회계자료 법원 송부 땐 '비밀엄수의무' 배제,https://www.safetimes.co.kr/news/articleView.html?idxno=207443
'수백억대 분식회계' 대우산업개발 이상영 회장 검찰 조사,https://news.sbs.co.kr/news/endPage.do?news_id=N1007309517
'1천400억 분식회계' 이상영 대우산업개발 회장 구속심사,https://www.yna.co.kr/view/AKR20230829058100004
'1천400억 분식회계' 대우산업개발 이상영 · 한재준 구속,https://news.sbs.co.kr/news/endPage.do?news_id=N1007326668
"與 ""文, '통계조작' 사과해야…성적조작·분식회계와 같아""(종합)",https://www.hankyung.com/article/202309188062Y
3년 넘은 이재용 부당합병·회계부정 공판 … 다음달 17일 결심,https://www.safetimes.co.kr/news/articleView.html?idxno=209398
"MBN, 같은 분식 회계인데 과징금은 20배···4년 전과 뭐가 달랐나",https://www.khan.co.kr/economy/finance/article/202305281514001
"검찰, '1000억대 분식회계' 대우산업개발 이상영·한재준 구속기소",https://www.fnnews.com/news/202309141533357386
"셀트리온, 분식회계 논란 3분기에 완전히 턴다",https://news.einfomax.co.kr/news/articleView.html?idxno=4268144
"""허위 세금 돌려줘""...'분식회계' 대우조선 국가 상대 무차별 소송",http://newstapa.org/article/7AAnC?kakao_from=mainnews
[리걸타임즈 집중분석] 최근 분식회계 형사사건의 동향,https://www.legaltimes.co.kr/news/articleView.html?idxno=51634
"분식회계 기업 투자자 피해 회복, 기업 회계 투명성 제고 기대",https://www.lawtimes.co.kr/news/186054
"증선위, ‘분식회계 의혹’ 셀트리온에 임원 해임 권고…거래정지는 피해",https://www.khan.co.kr/economy/finance/article/202203112038015
"[판결] '분식회계 피해' STX조선 소액주주들, 회사 상대 최종 승소",https://www.lawtimes.co.kr/news/181064
"[HERI 쟁점진단] 삼성 경영권 승계 재판, 재점화된 ‘삼바 분식회계’ 논란",https://www.hani.co.kr/arti/economy/economy_general/996741.html
"[단독]‘분식회계’ 의혹 셀트리온, 내주 증선위 논의···금감원 “검찰 고발” 의견",https://www.khan.co.kr/economy/finance/article/202201140600001
‘분식회계 종결’ 셀트리온 “불확실성 불식”…합병 기대감↑,http://mpharm.edaily.co.kr/news/read?newsId=02935606632262336&mediaCodeNo=257
[단독]GS건설 ‘분식회계’ 논란… 금감원 즉각 감리 착수해야,https://www.ynenews.kr/news/articleView.html?idxno=30852
"한국증권금융, ‘분식회계’ 감지 못한 회계법인 상대 손배소 최종 패소",https://www.segye.com/newsView/20210813510151
"대법 “분식회계 STX조선해양, 주주들에 55억원 배상하라”",https://www.khan.co.kr/national/court-law/article/202208211652001
"금감원, 한계기업 분식회계 등 상시 모니터링 강화",https://www.yna.co.kr/view/AKR20210410050100002
"씨젠은 왜, 어떻게 8년간 회계에 분칠을 했나",http://www.hitnews.co.kr/news/articleView.html?idxno=32904
분식회계는 악마의 탈을 쓴다,http://www.ulkyung.kr/news/articleView.html?idxno=9916
"산업은행 명령만 따른 대우조선 경영진, 5조 회계사기 불렀다",https://www.hani.co.kr/arti/economy/marketing/1065218.html
토트넘 수난…유벤투스 시절 '분식회계' 얽힌 단장도 활동 중단,https://www.yna.co.kr/view/AKR20230330050400007
"전문가, ""분식회계 혐의 셀트리온, 증선위 발표는 대선 이후 유력""",https://www.intn.co.kr/news/articleView.html?idxno=2020451
"대법 ""분식회계에 대한 시장 평가 반영돼야 '정상 주가'""",https://www.yna.co.kr/view/AKR20221011056200004
"[단독] 셀트리온 분식회계 논란, 3년 만에 금융당국 심판대에",https://www.hani.co.kr/arti/economy/marketing/1020375.html
[취재후] ‘삼바 분식회계’ 그룹 승계가 핵심이라는데 무슨 관계지?,https://news.kbs.co.kr/news/view.do?ncd=4160689
[인포그래픽]DGB대구은행 분식회계 논란 분석,https://www.ynenews.kr/news/articleView.html?idxno=29504
"양평공사 분식회계, 11년간 493억원 규모",https://www.ypsori.com/news/articleView.html?idxno=20109
[인포그래픽]DGB대구은행 분식회계 논란 분석,https://www.ynenews.kr/news/articleView.html?idxno=29504
"[사설]‘삼성바이오’ 고의 분식회계 확인, 엄중히 다스려야",https://www.khan.co.kr/opinion/editorial/article/201811142058005
‘자본금 분식회계’ MBN 경영진 집유…법인에 벌금,https://www.hani.co.kr/arti/society/society_general/955098.html
"'삼바 분식회계' 연루 회계사들 ""부당 요구·처리 없어""",https://www.yna.co.kr/view/AKR20210908070500004
"금감원, 한계기업 분식회계 등 상시 모니터링 강화",https://www.yna.co.kr/view/AKR20210410050100002
[기업]DGB대구은행 ‘분식회계’ 논란…투자금 98억원 손실 미처리,https://www.ynenews.kr/news/articleView.html?idxno=29511
"경찰, 대우산업개발 '분식회계 의혹' 수사 착수",https://www.safetynews.co.kr/news/articleView.html?idxno=210406
"‘분식회계’ 대우조선해양, 소액주주들에게 31억 배상해야",https://www.donga.com/news/Society/article/all/20230510/119218062/2
"[사설]분식회계 혐의 삼성바이오로직스, 엄중한 책임 물어야",https://www.khan.co.kr/opinion/editorial/article/201805022049025
"법원, '분식회계' 고재호 전 대우조선 사장에 850억 배상 판결",https://www.yna.co.kr/view/AKR20220207063500004
"금융위 산하 감리위, KT&G 분식회계 '고의성 없다' 판단",https://www.yna.co.kr/view/AKR20200529022100002
"GS건설, 분식회계 피해 주장 투자자들에 120억 지급하기로 합의",https://www.businesspost.co.kr/BP?command=article_view&num=208594
'13조원 분식회계'로 몰락한 에버스 전 월드컴 CEO 별세,https://www.yna.co.kr/view/AKR20200204047000009
"검찰, '삼성바이오 분식회계' 의혹 삼정회계법인 기소",https://news.sbs.co.kr/news/endPage.do?news_id=N1006064345
"오스템임플란트 분식회계 적발됐지만 경징계, 왜?",https://www.khan.co.kr/economy/economy-general/article/202201120800021
삼성물산 1조6천억원대 분식회계 뒤늦게 드러나,https://www.hani.co.kr/arti/economy/finance/914254.html
"법원 ""대우조선 '1천300억 흑자' 분식회계로 받은 성과급 반환""",https://www.yna.co.kr/view/AKR20200618102600052
[단독] 인천 중견기업 기전산업 분식회계에 횡령 '의혹'도,https://www.incheontoday.com/news/articleView.html?idxno=218457
"대법 ""분식회계에 대한 시장 평가 반영돼야 '정상 주가'""",https://www.hankyung.com/article/202210118947Y
셀트리온 분식회계 여부-제재 방안 이르면 3월중 결론,https://www.donga.com/news/Economy/article/all/20220119/111330965/1
"셀트리온, '분식회계' 불확실성 해소 긍정적…목표가는↓-신한",https://m.dnews.co.kr/m_home/view.jsp?idxno=202203140903431540457
"법원, ‘분식회계’ 고재호 前 대우조선 사장 850억 배상 판결",https://news.kbs.co.kr/news/view.do?ncd=5388755
삼성 분식회계로 드러난 회계법인 민낯,https://h21.hani.co.kr/arti/economy/economy_general/46240.html
"기업 재량권 커녕…난해한 기준에 ""자칫 분식회계 될라"" 노심초사",https://www.sedaily.com/NewsView/22P2B53CL3
"[이슈 추적] ②[인터뷰]˝삼성바이오로직스 분식회계 의혹, 공방 자체가 말이 안돼˝",https://www.khan.co.kr/economy/economy-general/article/201805201052001
"금융위, 대구 에스엘 분식회계 혐의로 고발",https://news.kbs.co.kr/news/view.do?ncd=4454479
"""미래에셋, 中 고섬 분식회계 사태 책임있다""",https://www.hankyung.com/article/2022040301621
"증선위, “KT&G 분식회계 중과실”…KT&G“내부감시장치 강화하겠다”",https://www.intn.co.kr/news/articleView.html?idxno=2012751
"증선위, 인천 중견기업 기전산업 ‘고의 분식회계’ 인정",https://www.incheontoday.com/news/articleView.html?idxno=218037
41조냐 23조냐…대우그룹 분식회계 규모 차이났던 이유는,https://m.edaily.co.kr/News/Read?newsId=03706406622717864&mediaCodeNo=257
"딜로이트, 안진회계와 파트너십 해지하나… 대우조선 분식 이어 우리銀 횡령까지 명성 흠집 - 조선비즈",https://biz.chosun.com/stock/stock_general/2022/05/02/4ZAC476LPNBRLGBTKMGRVPFC2I/
남상태 전 대우조선해양 사장 징역 5년 확정…‘분식회계’는 무죄,https://news.kbs.co.kr/news/view.do?ncd=4220829
"증선위, '분식회계' 유네코 전임 대표이사·회사 검찰 고발",https://www.yna.co.kr/view/AKR20220921155300002
[기업]끊임없이 불거지는 포스코건설 분식회계 의혹…250억원대 제2외곽순환도로 손상차손 미처리,https://www.ynenews.kr/news/articleView.html?idxno=29647
"이재용, 분식회계 얽힌 ‘삼바’ 방문…연내 회장 취임위한 행보?",https://www.hani.co.kr/arti/economy/marketing/1062199.html
"[판결] '분식회계·채용비리 등 혐의' 하성용 前 KAI 대표, 1심서 집유",https://www.lawtimes.co.kr/news/167901
"'분식회계' 롯데칠성음료, 순이익 380억원 '뻥튀기'",https://news.einfomax.co.kr/news/articleView.html?idxno=3466537
[뉴스초점] 삼성바이오 ′고의 분식회계′ 최종 결론…정황은?,https://m.yonhapnewstv.co.kr/news/MYH20181117004800038
"[기업]한국가스공사, 분식회계 의혹 사실로 드러났다",https://www.ynenews.kr/news/articleView.html?idxno=31539
"[기업]포스코건설, 출자기업 손상차손 분식회계 대부분 사실로 드러나",https://www.ynenews.kr/news/articleView.html?idxno=31400
하성용 전 KAI 대표 ‘분식회계’ 무죄···횡령·채용비리 일부는 유죄,https://www.sisajournal-e.com/news/articleView.html?idxno=229043
"증선위, KT&G 분식회계 '고의성 없다' 최종 결론…검찰고발 피해",https://www.yna.co.kr/view/AKR20200715168600002
"[특징주] '고의 분식회계' 혐의 벗은 셀트리온 강세…""투자심리 개선""",https://www.yna.co.kr/view/AKR20220314035500002
"4년 만에 ‘분식회계’ 불확실성 떨쳐낸 셀트리온, 주가 움직일까",https://economist.co.kr/article/view/ecn202203150008
"농협RPC, 분식회계로 임직원 ‘성과급 잔치’",http://www.ikpnews.net/news/articleView.html?idxno=60093
“갑자기 늘어난 순손실 100억?” MBN 추가 분식회계 의혹,https://www.mediatoday.co.kr/news/articleView.html?idxno=209848
“삼성바이오로직스 단숨에 흑자”…분식회계 논란 왜?,https://news.kbs.co.kr/news/view.do?ncd=3643614
[단독] “코레일 ‘4000억원 분식회계’ 해명도 거짓…외부감사법 등 위반”,https://www.chosun.com/site/data/html_dir/2019/10/06/2019100601760.html
삼성바이오 분식회계 사태 쟁점은 상장폐지·과징금,http://m.dailypharm.com/newsView.html?ID=239507
"[종합] 증선위, 셀트리온 분식회계 '고의성 없다' 결론...거래정지 피했다",https://www.newspim.com/news/view/20220311000809
폼페오 장관 “중국계 기업 분식회계 문제”,https://www.voakorea.com/a/world_us_pompeo-stockexchange-china/6031898.html
[단독]한전기술 가나T2 사업 분식회계 있었다…의혹의 끝은 어디인가,http://www.ynenews.kr/news/articleView.html?idxno=11097
"[심층진단]①셀트리온, 분식회계 이슈가 가져올 여파와 향방은?",https://www.infostockdaily.co.kr/news/articleView.html?idxno=164788
"'분식회계' 의혹 셀트리온 금융위 논의 시작 ··· 금감원 ""검찰 고발"" 의견",https://www.safetimes.co.kr/news/articleView.html?idxno=106007
[단독] 금융당국 심판대 오른 셀트리온 분식회계 논란…3대 쟁점은?,https://www.hani.co.kr/arti/economy/marketing/1020364.html
"검찰, '삼성바이오 분식회계' 의혹 삼정회계법인 기소",https://www.yna.co.kr/view/AKR20201109018500004
"＂분식회계 집중 조사＂…금감원, 180개사 재무제표 점검",https://www.wowtv.co.kr/NewsCenter/News/Read?articleId=A202104090324
‘대우조선 분식회계’ 고재호 전 사장…법원 “850억 배상하라”,https://www.seoul.co.kr/news/newsView.php?id=20220207500133
4년만에 ‘분식회계’ 혐의 벗은 셀트리온… 80만 개미 ‘안도’,https://www.seoul.co.kr/news/economy/2022/03/13/20220313500061
[속보]삼바 분식회계 의혹 관여한 삼성전자 임원들 구속,https://www.khan.co.kr/national/national-general/article/201905110039001
"노르웨이 국부펀드, '분식회계 의혹' 아다니그룹株 모두 매각",https://theguru.co.kr/news/article.html?no=49518
우리銀 횡령은 한국판 ‘엔론’…대우조선 5조원 분식회계 눈감았던 딜로이트안진 또 터졌다 - 조선비즈,https://biz.chosun.com/stock/stock_general/2022/04/29/NQEWGGXM4ZCN3PRMJCNZULWXDQ/
"검찰, ‘삼성바이오 분식회계’ 삼정KPMG 기소",https://www.hani.co.kr/arti/society/society_general/969080.html
[좌담회] 삼바 분식회계로 드러난 제일모직-(구)삼성물산 합병 문제 진단 좌담회,https://www.peoplepower21.org/1601934
[차이나리포트] 분식회계는 잊어라…국민커피로 돌아온 루이싱,https://www.ajunews.com/view/20220506224141702
[증시흑역사30년]㉒유상증자 위해 분식회계·주가부양...‘유아이에너지 복합사건’,https://www.opinionnews.co.kr/news/articleView.html?idxno=20915
41조냐 23조냐…대우그룹 분식회계 규모 차이났던 이유는,https://m.edaily.co.kr/News/Read?newsId=03706406622717864&mediaCodeNo=257
법원 “대우조선 분식회계 책임…소액 주주에 31억 배상”,https://news.kbs.co.kr/news/view.do?ncd=7671732
"“KT&G, 인도네시아 담배회사 관련 분식회계”",https://www.khan.co.kr/economy/finance/article/202003032147015
"“KT&G, 인도네시아 담배회사 관련 분식회계”",https://www.khan.co.kr/economy/finance/article/202003032147015
"삼바, 분식회계 없었다면 상장 예비심사 탈락했을 것",https://www.peoplepower21.org/economy/1608376
"삼성바이오로직스 ""대우조선해양 엔론 분식회계와 전혀 다르다""",https://www.businesspost.co.kr/BP?command=article_view&num=103260
200억원대 분식회계 터질까 쉬쉬하는 '중소제약사 A',http://www.hitnews.co.kr/news/articleView.html?idxno=16471
'삼바 분식회계' 첫 공판서 삼정회계법인·회계사 혐의 부인,https://www.newspim.com/news/view/20220225001064
"KPMG가 감사한 KT&G, 경찰 조사받아…분식회계 혐의",https://www.intn.co.kr/news/articleView.html?idxno=2014695
오스템임플란트 5년 전 회계 감리서 분식회계 적발,https://www.hankyung.com/article/202201122028Y
"""31억 배상하라"" 法, 대우조선 분식회계 책임",https://m.edaily.co.kr/News/Read?newsId=02666646635607608&mediaCodeNo=257
"‘5조원 분식회계’ 대우조선, 기관투자자들에 612억 배상 판결",https://www.chosun.com/national/court_law/2021/02/07/ONHH2HB5RJGOHO3KYM6ADRAJ34/
[단독] 공항공사 820억원 회계처리 꼼수…‘분식회계’ 정황,https://www.dailian.co.kr/news/view/1132108/
대통령 분식회계·납세문제 정조준…미국 얘기,https://www.intn.co.kr/news/articleView.html?idxno=2005285
"'삼바 증거인멸' 전원 유죄…""분식회계 의혹과는 무관""",http://www.docdocdoc.co.kr/news/articleView.html?idxno=1075020
"유벤투스, 분식회계 의혹에 최대 위기…伊 검찰, 재판 요청",https://www.hankyung.com/article/202212029629Y
"[삼성바이오 분식회계]‘단독지배’로 포장했던 회사, 자본잠식 피하려 ‘공동지배’로",https://www.khan.co.kr/economy/economy-general/article/201811142204005
"철도공단 ""분식회계 사실 아냐…정액상각 부적절""",https://www.newspim.com/news/view/20230605000824
"서울중앙지검, '분식회계 혐의' 대우산업개발 압수수색",https://www.yna.co.kr/view/PYH20230413080000013
"中 러킨커피, 점포 1만점 목전...""분식회계 오명 털고 성장구가""",https://www.newspim.com/news/view/20230505000067
"[로펌의기술](84) ‘허위 공시’ 대한전선, 주주 손해배상 금액 다시 따져야... 7년 소송전서 5개 로펌 연합군 물리친 법무법인 한결 - 조선비즈",https://biz.chosun.com/topics/law_firm/2022/10/19/3KMCNRITEVCBTA6ZVZPMAU7PB4/
"대법 ""'분식회계' 대한전선·안진회계, 주주들에 손해배상하라""",https://www.newspim.com/news/view/20221011000257
현대건설은 분식회계를 왜 했을까?,https://www.ekoreanews.co.kr/news/articleView.html?idxno=29136
